3B3,9/23/2024
5S3,9/28/2025
CL3,3/18/2025
G73,11/25/2023
F73,11/25/2023
563,10/17/2023
2B3,8/27/2024
D63,1/14/2024
R93,7/29/2024
MD3,12/20/2025
D54,9/30/2027
ZW3,9/11/2026
7Y3,11/8/2026
2G3,9/9/2024
YS3,11/4/2025
0R3,8/9/2025
9R3,8/31/2025
FG3,9/30/2024
G63,2/6/2024
MH3,9/9/2024
XP3,5/27/2025
8B3,2/5/2024
RJ3,12/8/2024
863,11/24/2023
RT3,12/20/2025
2N3,4/7/2025
4Y3,10/2/2026
HG3,10/22/2024
PR3,9/21/2025
414,1/11/2027
ZB3,3/23/2024
103,7/27/2023
M54,10/23/2027
BG3,10/14/2024
Q93,5/26/2024
BL3,3/18/2025
FL3,8/3/2025
5R3,8/4/2025
JG3,12/21/2024
F54,9/30/2027
2T2,12/4/2026
F63,1/25/2024
5B3,9/23/2024
963,12/4/2023
Q53,9/2/2023
8V3,3/17/2026
724,4/29/2027
SG3,2/4/2025
NK3,12/16/2024
K93,1/16/2024
WL3,1/3/2026
853,8/1/2023
ZC3,4/28/2024
